Date,Volatilità Reale (exp),Volatilità Predetta (exp)
2019-12-20,0.0030626841745050263,0.004433049
2019-12-23,0.003124603125361699,0.0046677953
2019-12-24,0.0035056718770911616,0.0049848175
2019-12-26,0.003540994452847295,0.0046779094
2019-12-27,0.003590010391981637,0.004110215
2019-12-30,0.0029893487915299455,0.003698065
2019-12-31,0.003428798197524363,0.0039031995
2020-01-02,0.0051072052647827895,0.0038487478
2020-01-03,0.006306474091802398,0.0038256124
2020-01-06,0.005696991109506095,0.0041352645
2020-01-07,0.006395183317404889,0.0037954152
2020-01-08,0.006546530658570976,0.0030387198
2020-01-09,0.0037397963940505627,0.0027566806
2020-01-10,0.00419233601085854,0.0025695425
2020-01-13,0.004248477643294745,0.0026501378
2020-01-14,0.004790673055269995,0.0027508955
2020-01-15,0.004860158977867214,0.0030804095
2020-01-16,0.00490713773481456,0.003903261
2020-01-17,0.003578428531156215,0.0046875174
2020-01-21,0.003597139844962747,0.0047016186
2020-01-22,0.0036770515697322087,0.004547629
2020-01-23,0.0076645992837951725,0.0042092977
2020-01-24,0.007445326385276615,0.0044123703
2020-01-27,0.00842211552080754,0.005189458
2020-01-28,0.007893273100165982,0.004189499
2020-01-29,0.007926917331133017,0.0033218276
2020-01-30,0.009123516596186028,0.0025044275
2020-01-31,0.011405576129037266,0.003053176
2020-02-03,0.014582076513556915,0.004441961
2020-02-04,0.016911802849332237,0.0072993524
2020-02-05,0.01596370616146953,0.008665679
2020-02-06,0.011333723837870117,0.009579441
2020-02-07,0.011347257809877524,0.0076893843
2020-02-10,0.00974931727142796,0.0055449656
2020-02-11,0.005507916185397362,0.0045489976
2020-02-12,0.0061026301440968485,0.004238792
2020-02-13,0.0042853824302934804,0.0050322884
2020-02-14,0.004260794459983703,0.0072743623
2020-02-18,0.0038039090786264385,0.0079371855
2020-02-19,0.004504219494855716,0.0074037267
2020-02-20,0.004286420396692565,0.006747902
2020-02-21,0.014407489417402625,0.007832695
2020-02-24,0.017443773687841273,0.0074418974
2020-02-25,0.016356055005381384,0.012824855
2020-02-26,0.01796871980367032,0.017198158
2020-02-27,0.014975486993474665,0.016890883
2020-02-28,0.03239322050176707,0.016600173
2020-03-02,0.031418881840891824,0.016738782
2020-03-03,0.04203077065735507,0.018810963
2020-03-04,0.0395870967694523,0.023667678
2020-03-05,0.038710230480765065,0.026814392
2020-03-06,0.040857637430639186,0.026746096
2020-03-09,0.04386637864212864,0.02398526
2020-03-10,0.03375161636509259,0.02874257
2020-03-11,0.04343914075376746,0.029679328
2020-03-12,0.044039706413784914,0.029891754
2020-03-13,0.044039706413784914,0.036511414
2020-03-16,0.044039706413784914,0.038508974
2020-03-17,0.044039706413784914,0.0380349
2020-03-18,0.044039706413784914,0.03805726
2020-03-19,0.044039706413784914,0.03334262
2020-03-20,0.044039706413784914,0.031102901
2020-03-23,0.044039706413784914,0.03276777
2020-03-24,0.044039706413784914,0.03596443
2020-03-25,0.044039706413784914,0.035761375
2020-03-26,0.044039706413784914,0.026370196
2020-03-27,0.03936233681796038,0.02206841
2020-03-30,0.03536173696572613,0.020207683
2020-03-31,0.044039706413784914,0.017676108
2020-04-01,0.03471196484516933,0.01607536
2020-04-02,0.033014727572969665,0.016027465
2020-04-03,0.03473726361637361,0.016036794
2020-04-06,0.03504560867862754,0.015181729
2020-04-07,0.027736590129170364,0.014798394
2020-04-08,0.028069402825116933,0.014256326
2020-04-09,0.028009211563389102,0.01315608
2020-04-13,0.022991649531431155,0.012119055
2020-04-14,0.022334874719906653,0.010567528
2020-04-15,0.017660009552491193,0.009640167
2020-04-16,0.018155775637017327,0.009760086
2020-04-17,0.017920842831521656,0.008658178
2020-04-20,0.0219770103676037,0.007846544
2020-04-21,0.022734500807416517,0.008428714
2020-04-22,0.020601742529413387,0.010055137
2020-04-23,0.01903910715715533,0.009650033
2020-04-24,0.019391506096424732,0.009501527
2020-04-27,0.01481322645283749,0.00875515
2020-04-28,0.013850439274009509,0.0079714125
2020-04-29,0.014231149033480677,0.010208774
2020-04-30,0.014920864494131306,0.010040972
2020-05-01,0.011832777193893845,0.009183176
2020-05-04,0.014937051365473339,0.010239667
2020-05-05,0.01514641237508143,0.00984438
2020-05-06,0.015129335776586268,0.01027497
2020-05-07,0.011561551675421392,0.010887686
2020-05-08,0.012757369038829677,0.008216359
2020-05-11,0.012747535308262625,0.0063596405
2020-05-12,0.012926039429848431,0.0066446075
2020-05-13,0.013975836921814769,0.008282675
2020-05-14,0.014268446728328377,0.0077625364
2020-05-15,0.012362593869556255,0.0076855533
2020-05-18,0.011391198296601004,0.006512224
2020-05-19,0.00935989590848047,0.0058793817
2020-05-20,0.009234769601954983,0.0061855796
2020-05-21,0.008105660035677172,0.0054988633
2020-05-22,0.0060423789301945795,0.00493057
2020-05-26,0.0064517202744729185,0.004137654
2020-05-27,0.008435031265707684,0.0033584926
2020-05-28,0.006575325133525322,0.0037653323
2020-05-29,0.010124882648588684,0.0043424396
2020-06-01,0.009451371024560846,0.005986136
2020-06-02,0.009712136944298434,0.0073260977
2020-06-03,0.009255448768795284,0.0070101283
2020-06-04,0.010665520813308675,0.006118442
2020-06-05,0.009130225643981409,0.005765015
2020-06-08,0.010935251522849548,0.006872122
2020-06-09,0.010914476031409725,0.0069571007
2020-06-10,0.028544557380352838,0.007508601
2020-06-11,0.026690074961642933,0.0065178536
2020-06-12,0.025982439505091187,0.011997882
2020-06-15,0.03075420579494842,0.015601731
2020-06-16,0.030771483188921717,0.013110123
2020-06-17,0.011040807776191233,0.012106174
2020-06-18,0.011178999618306632,0.0091823395
2020-06-19,0.01203763407659859,0.005929233
2020-06-22,0.005725463558549872,0.004856813
2020-06-23,0.013760715054804874,0.0046117567
2020-06-24,0.015092667398073393,0.004591167
2020-06-25,0.014282432237258256,0.010507082
2020-06-26,0.01577186591523065,0.012520684
2020-06-29,0.018099138131517985,0.010836638
2020-06-30,0.01092619859052545,0.007969467
2020-07-01,0.010788387845629799,0.0065758904
2020-07-02,0.0038879400392133516,0.0056558712
2020-07-06,0.00942325643166594,0.004725773
2020-07-07,0.007702346989074725,0.0049435603
2020-07-08,0.008603188461011869,0.007620392
2020-07-09,0.007584538585005875,0.008560495
2020-07-10,0.005929334840012532,0.010987367
2020-07-13,0.010491610140624748,0.009070046
2020-07-14,0.011139406253456862,0.008526409
2020-07-15,0.009471697097813245,0.008504776
2020-07-16,0.008194112847422776,0.007992654
2020-07-17,0.009313552234899714,0.007668039
2020-07-20,0.007727108445059065,0.0070917113
2020-07-21,0.006844946187326209,0.006982409
2020-07-22,0.007525451605579407,0.0061248387
2020-07-23,0.007280728949610623,0.005533862
2020-07-24,0.008355934648858148,0.006034838
2020-07-27,0.008368478184046825,0.006595781
2020-07-28,0.008788208577770561,0.006966108
2020-07-29,0.009177293193715248,0.007014272
2020-07-30,0.00781844138824449,0.0072232066
2020-07-31,0.00848407016938934,0.008241194
2020-08-03,0.008846164238962052,0.008103153
2020-08-04,0.007529930425768085,0.0073406957
2020-08-05,0.007214153365338901,0.00667315
2020-08-06,0.006547802255128655,0.005324478
2020-08-07,0.00462158261768083,0.0051257713
2020-08-10,0.005030690288421817,0.004231754
2020-08-11,0.00953302802280092,0.0034556966
2020-08-12,0.00902055269491634,0.0029490732
2020-08-13,0.009110299369414767,0.0037629823
2020-08-14,0.009004752718110876,0.0045807604
2020-08-17,0.007835491406574883,0.004118512
2020-08-18,0.003560791471843866,0.0039107976
2020-08-19,0.0037988566051370587,0.0038270506
2020-08-20,0.003758224760485376,0.0037512872
2020-08-21,0.00233811775381156,0.0032148608
2020-08-24,0.004647146893039087,0.002929829
2020-08-25,0.004445264205968375,0.0031383152
2020-08-26,0.005274573216238795,0.0030134856
2020-08-27,0.005249016513709994,0.0030837948
2020-08-28,0.003683628384936504,0.0036868693
2020-08-31,0.006193825706205425,0.003927128
2020-09-01,0.010465522821394726,0.004224249
2020-09-02,0.017450558788971247,0.0048521454
2020-09-03,0.017329567331382596,0.0072167474
2020-09-04,0.01757226910249181,0.013242494
2020-09-08,0.02092456507558206,0.012784424
2020-09-09,0.01695330416410276,0.009176211
2020-09-10,0.014364532344668704,0.008669276
2020-09-11,0.01610051025907617,0.008803318
2020-09-14,0.012966508755021849,0.008023209
2020-09-15,0.01072141763932834,0.006817243
2020-09-16,0.006924306779701255,0.005354305
2020-09-17,0.007146010059277567,0.0046866587
2020-09-18,0.007934515409811318,0.005438963
2020-09-21,0.007404795294908063,0.0069996556
2020-09-22,0.007315900372256362,0.011977795
2020-09-23,0.007126282383792284,0.011935458
2020-09-24,0.012818747914608405,0.008891805
2020-09-25,0.0107341748942899,0.007397688
2020-09-28,0.010666759177408629,0.008019884
2020-09-29,0.009682847931022068,0.007307635
2020-09-30,0.00920533964233802,0.0074351896
2020-10-01,0.010069692802968055,0.009312942
2020-10-02,0.012871446140475178,0.010505132
2020-10-05,0.015152259273015473,0.010934954
2020-10-06,0.01583677671656458,0.010679005
2020-10-07,0.015476404819966474,0.011211585
2020-10-08,0.013541722280951069,0.00973445
2020-10-09,0.011657362123061836,0.007268041
2020-10-12,0.00945514536611548,0.0063399803
2020-10-13,0.007628918206796349,0.0060739596
2020-10-14,0.008178423846708497,0.0065572597
2020-10-15,0.008451366781147966,0.0065267654
2020-10-16,0.009402751793687027,0.0064696968
2020-10-19,0.00971057437275552,0.0067532435
2020-10-20,0.00966893847077501,0.009740798
2020-10-21,0.012236814599637076,0.00965674
2020-10-22,0.011408749966985541,0.008535384
2020-10-23,0.009848904714719177,0.008499866
2020-10-26,0.010400506879933432,0.008423924
2020-10-27,0.017689918143023557,0.009558194
2020-10-28,0.013159887033827344,0.008369897
2020-10-29,0.012122397476581845,0.01276078
2020-10-30,0.017996270478403038,0.014470987
2020-11-02,0.02013332992661568,0.01095241
2020-11-03,0.019859606839778728,0.007870484
2020-11-04,0.017449328354436917,0.005479073
2020-11-05,0.017302118806725095,0.0083217025
2020-11-06,0.0174477129009238,0.010888699
2020-11-09,0.018113098304383932,0.009702716
2020-11-10,0.004048341895111895,0.0090601975
2020-11-11,0.004976560912874673,0.008360306
2020-11-12,0.0068897883474986635,0.0075709936
2020-11-13,0.006496897003507827,0.006845117
2020-11-16,0.007395075218762598,0.006442349
2020-11-17,0.011228977435241868,0.0072484906
2020-11-18,0.011302693849968801,0.00719992
2020-11-19,0.007481268051984723,0.008245948
2020-11-20,0.00736368945746368,0.008707569
2020-11-23,0.00839880987983785,0.008821873
2020-11-24,0.002579876719401403,0.00931324
2020-11-25,0.005381574709182419,0.008165526
2020-11-27,0.0051434196168944225,0.0064184344
2020-11-30,0.005181961918514446,0.0051930575
2020-12-01,0.005364392718605659,0.004336973
2020-12-02,0.00443322359599882,0.004692929
2020-12-03,0.004784486017232307,0.005041472
2020-12-04,0.007165847287249082,0.005246246
2020-12-07,0.007050144307935375,0.0056520747
2020-12-08,0.007262830788863829,0.006939465
2020-12-09,0.007306257831946893,0.006481667
2020-12-10,0.005331852549747816,0.00701043
2020-12-11,0.005661366514439776,0.005952702
2020-12-14,0.007007252641001594,0.005477592
2020-12-15,0.006968727001387394,0.006029961
2020-12-16,0.008680922639203522,0.006674532
2020-12-17,0.008198331689090661,0.0065704477
2020-12-18,0.008993058540532128,0.0061510527
2020-12-21,0.0075792016817386966,0.0062987283
2020-12-22,0.00751039071134977,0.0070361975
2020-12-23,0.005115566224906565,0.0054499516
2020-12-24,0.005378654787423771,0.00389768
2020-12-28,0.0029455116977233635,0.0028490592
2020-12-29,0.0019223804644683206,0.0025580684
2020-12-30,0.0039729799487703684,0.0026927858
2020-12-31,0.005522615065986178,0.0033614929
2021-01-04,0.005887178390498943,0.00483756
2021-01-05,0.007453863286112264,0.008862053
2021-01-06,0.007321575826771499,0.009045027
2021-01-07,0.007281514421286491,0.00858011
2021-01-08,0.004350800375798069,0.007461152
2021-01-11,0.00987929404433393,0.0068390416
2021-01-12,0.008630235121218134,0.0055647953
2021-01-13,0.006719767210648541,0.006413239
2021-01-14,0.006430342382147028,0.006019373
2021-01-15,0.007109509298829435,0.0058563775
2021-01-19,0.00401535804993278,0.0058508473
2021-01-20,0.005362967303374719,0.005793838
2021-01-21,0.00531964124453715,0.005986901
2021-01-22,0.005753021839932398,0.0060698967
2021-01-25,0.0054296263349054704,0.005345701
2021-01-26,0.013989340023197376,0.005024842
2021-01-27,0.017114231975704778,0.005039362
2021-01-28,0.017264670002557218,0.0069733006
2021-01-29,0.016874045350849853,0.008053977
2021-02-01,0.0172452628484474,0.007374707
2021-02-02,0.009343581682924327,0.004919053
2021-02-03,0.0062855165410446055,0.0029272053
2021-02-04,0.004682990757037401,0.001906074
2021-02-05,0.004445121401935338,0.001554022
2021-02-08,0.004309604712471012,0.0013708026
2021-02-09,0.001387415123590143,0.0013011982
2021-02-10,0.001387415123590143,0.0012868252
2021-02-11,0.0026310917174554495,0.0012990168
2021-02-12,0.006360410477162991,0.0017397548
2021-02-16,0.006509442708848056,0.002251992
2021-02-17,0.007214502683604579,0.0037453144
2021-02-18,0.008582264216238087,0.0046918094
2021-02-19,0.006275572513101006,0.0050026802
2021-02-22,0.00586570946494462,0.0055589355
2021-02-23,0.0069828283244176914,0.005171826
2021-02-24,0.007592097750527891,0.0041241283
2021-02-25,0.0067518272333987675,0.0037462509
2021-02-26,0.009939978837350769,0.0047729164
2021-03-01,0.010003337810854598,0.005182844
2021-03-02,0.010293442224808205,0.0056133084
2021-03-03,0.010880337947050225,0.0052534593
2021-03-04,0.015108324416271834,0.0066954647
2021-03-05,0.01346952153269846,0.011210736
2021-03-08,0.013941058555649501,0.012884991
2021-03-09,0.012182885935896998,0.010410551
2021-03-10,0.008317577511312802,0.008672654
2021-03-11,0.0034755989044085315,0.0068741906
2021-03-12,0.002233332522615909,0.006221342
2021-03-15,0.0030751757022283305,0.005515437
2021-03-16,0.004436315032942923,0.0053841705
2021-03-17,0.004139692756344924,0.005604598
2021-03-18,0.0043195690432491374,0.005866573
2021-03-19,0.004973574626721737,0.0055678696
2021-03-22,0.007179387657914348,0.0054326006
2021-03-23,0.007010347032771583,0.005866872
2021-03-24,0.007154935767374334,0.0069982675
2021-03-25,0.010787385548463967,0.006732357
2021-03-26,0.010505308459921715,0.0065063625
2021-03-29,0.010156700878669106,0.0069953403
2021-03-30,0.009895292074306231,0.0071504023
2021-03-31,0.010389834668853204,0.007104074
2021-04-01,0.006413669425634642,0.006291871
2021-04-05,0.006083352850367321,0.00594718
2021-04-06,0.004493490477196475,0.0056690774
2021-04-07,0.004449571323421342,0.006201512
2021-04-08,0.006201931046972128,0.0063336403
2021-04-09,0.0057294515863324175,0.006208689
2021-04-12,0.004931103751836164,0.0066804993
2021-04-13,0.0044209838295307825,0.006732062
2021-04-14,0.007214688545591861,0.006816499
2021-04-15,0.006852970705516198,0.006388611
2021-04-16,0.006997202091230367,0.007080256
2021-04-19,0.0070143962346646315,0.0068488657
2021-04-20,0.006559935580232246,0.0060527627
2021-04-21,0.006268147875975882,0.0054901326
2021-04-22,0.00615222351702755,0.0050982945
2021-04-23,0.006827150778565764,0.0057000862
2021-04-26,0.007769416327675845,0.0054019876
2021-04-27,0.0049197318855880075,0.0051450613
2021-04-28,0.004867848667234913,0.0049933
2021-04-29,0.001387415123590143,0.004949314
2021-04-30,0.006916468757585065,0.005479449
2021-05-03,0.006363623920593854,0.0052207992
2021-05-04,0.006059234327910625,0.0051591364
2021-05-05,0.005279117644016845,0.0050747097
2021-05-06,0.004512127382139798,0.0042612334
2021-05-07,0.0024808231665174843,0.0038649633
2021-05-10,0.006545837787949674,0.0037921672
2021-05-11,0.0076576154481825835,0.0038346625
2021-05-12,0.009156917716448058,0.0040196753
2021-05-13,0.008810270298488798,0.0030980462
2021-05-14,0.008717667929748893,0.002742492
2021-05-17,0.007035622493880161,0.0022934133
2021-05-18,0.004730258849836037,0.0019421462
2021-05-19,0.005261822769087033,0.0018330117
2021-05-20,0.005111051388302809,0.0019257683
2021-05-21,0.004796643265043192,0.0024571714
2021-05-24,0.005292520537514174,0.003091881
2021-05-25,0.006142235307308141,0.0030954361
2021-05-26,0.0026936137040658938,0.00273242
2021-05-27,0.003743881201063376,0.002479869
2021-05-28,0.00749979792911296,0.0020744675
2021-06-01,0.007571337680726821,0.0019431399
2021-06-02,0.008205538518620365,0.002737819
2021-06-03,0.008641247535126444,0.0029886507
2021-06-04,0.008594787102982313,0.0026830644
2021-06-07,0.003219881539524495,0.0022288794
2021-06-08,0.004501756204614601,0.0021641776
2021-06-09,0.007579368035262153,0.0024962584
2021-06-10,0.00966826144931895,0.0028756752
2021-06-11,0.009771461426851624,0.004082883
2021-06-14,0.009306040189466557,0.0065951142
2021-06-15,0.009272106021968535,0.0063419407
2021-06-16,0.00555813267531207,0.005719598
2021-06-17,0.007023303120496065,0.0061809616
2021-06-18,0.009267901232085232,0.006833382
2021-06-21,0.009275349875738702,0.007889394
2021-06-22,0.009319430467820673,0.0090254955
2021-06-23,0.00895072403394886,0.008179779
2021-06-24,0.005803882690081965,0.0070739035
2021-06-25,0.003689173373935968,0.006589873
2021-06-28,0.0036958278834341965,0.0062373546
2021-06-29,0.0024332154406056625,0.005885837
2021-06-30,0.003728814887195873,0.0056935307
2021-07-01,0.004754096583753592,0.005550983
2021-07-02,0.005190337310516518,0.0059125843
2021-07-06,0.005088630140535736,0.006116697
2021-07-07,0.006596925861095284,0.006245216
2021-07-08,0.005940675570803114,0.0059366324
2021-07-09,0.00450268501705898,0.0061281696
2021-07-12,0.004502199440338,0.0056613632
2021-07-13,0.003423514200096139,0.0053848843
2021-07-14,0.002715314734425957,0.0050785057
2021-07-15,0.0025046056631172244,0.004888057
2021-07-16,0.0049486105426026755,0.0049011996
2021-07-19,0.008343076519597158,0.004656391
2021-07-20,0.008352538907572217,0.005270238
2021-07-21,0.008465945534155727,0.0056482647
2021-07-22,0.009344313496615343,0.0052029844
2021-07-23,0.007760800040485139,0.004357934
2021-07-26,0.006756690027938908,0.004219352
2021-07-27,0.006661315510849085,0.0048529045
2021-07-28,0.006424889944106607,0.004585169
2021-07-29,0.00441850808766102,0.0044779116
2021-07-30,0.0015502613862522548,0.004170601
2021-08-02,0.005350809760938708,0.0041084457
2021-08-03,0.0066478427496814655,0.004017979
2021-08-04,0.00735968576612765,0.0045718723
2021-08-05,0.007437389861651833,0.005440089
2021-08-06,0.007532706688994976,0.0051769693
2021-08-09,0.0033174359305876114,0.0046965047
2021-08-10,0.005026615218913144,0.0042050737
2021-08-11,0.006733756333464153,0.003994821
2021-08-12,0.007306742011686974,0.0037845655
2021-08-13,0.008641544565030768,0.0035117494
2021-08-16,0.008918201860511685,0.0032230134
2021-08-17,0.011248459501892353,0.003695699
2021-08-18,0.011087300493905114,0.004283346
2021-08-19,0.011058413566539966,0.0058806124
2021-08-20,0.010198463706171793,0.005883729
2021-08-23,0.00845815542498973,0.005126324
2021-08-24,0.004152248743312087,0.0042542783
2021-08-25,0.004006673395484116,0.003829289
2021-08-26,0.0017888801922686319,0.0035498925
2021-08-27,0.003931406571759006,0.0033871932
2021-08-30,0.003713029481623478,0.0030516032
2021-08-31,0.0035407049044685825,0.00287769
2021-09-01,0.005207823937038004,0.0027378842
2021-09-02,0.00487262199856162,0.0023801252
2021-09-03,0.0060504094955339625,0.0023964364
2021-09-07,0.005978444397797419,0.0025523093
2021-09-08,0.00831798250077145,0.0026380708
2021-09-09,0.005472426156085673,0.00247398
2021-09-10,0.0041976164683691026,0.002321894
2021-09-13,0.005139320355691201,0.0017188239
2021-09-14,0.007316687510799614,0.0013503833
2021-09-15,0.006005159371596388,0.0010767204
2021-09-16,0.004668950047410463,0.0010196485
2021-09-17,0.006182920793027552,0.0011137031
2021-09-20,0.006294842158903871,0.0013172048
2021-09-21,0.005170082801686965,0.0020436372
2021-09-22,0.00647553682746089,0.0026052103
2021-09-23,0.0067101640438902085,0.0027930692
2021-09-24,0.008161936928395038,0.0028338395
2021-09-27,0.010389743585032167,0.0030565534
2021-09-28,0.011723257258453074,0.0046278327
2021-09-29,0.01015477214268454,0.0072775516
2021-09-30,0.01074191709588214,0.008233616
2021-10-01,0.010917900537780445,0.008495089
2021-10-04,0.010586306777614074,0.008839952
2021-10-05,0.00891785767039525,0.009550994
2021-10-06,0.01057487785483418,0.009184709
2021-10-07,0.010858528731616525,0.008188799
2021-10-08,0.008589591939062401,0.008353416
2021-10-11,0.008351760732186629,0.008962963
2021-10-12,0.008434789880131318,0.010110616
2021-10-13,0.008869443968122729,0.011068168
2021-10-14,0.00868016228617301,0.012269415
2021-10-15,0.008413550940627828,0.011989892
2021-10-18,0.008670752299756168,0.011440533
2021-10-19,0.00910721377529665,0.010626548
2021-10-20,0.008456680542929458,0.010165072
2021-10-21,0.008491442203799875,0.008660308
2021-10-22,0.005891111006700701,0.0077363187
2021-10-25,0.004956759630907307,0.0069654663
2021-10-26,0.0053343172705452415,0.0065354058
2021-10-27,0.00617431472514194,0.006370389
2021-10-28,0.007067847133655031,0.006849542
2021-10-29,0.007318326728557831,0.0067630443
2021-11-01,0.00744148088182265,0.0063930326
2021-11-02,0.004204168449583861,0.006248002
2021-11-03,0.006685420622118712,0.005982474
2021-11-04,0.0077174573182807495,0.005564588
2021-11-05,0.008401193199818562,0.005863124
2021-11-08,0.007689436888000679,0.0062198266
2021-11-09,0.007008647327901605,0.0060474365
2021-11-10,0.006614215053868254,0.006146545
2021-11-11,0.004461221721979351,0.006140032
2021-11-12,0.00469787170929979,0.006383318
2021-11-15,0.004895838775267528,0.0065803733
2021-11-16,0.0047696185824275044,0.006870687
2021-11-17,0.004430861621347494,0.006911553
2021-11-18,0.004676786407405884,0.0062393514
2021-11-19,0.004269964737392226,0.0050447094
2021-11-22,0.003486564105761475,0.004534683
2021-11-23,0.003183003520627847,0.0038386188
2021-11-24,0.0029673131544580137,0.002998848
2021-11-26,0.003090874317351937,0.0024786624
2021-11-29,0.009151698924733012,0.0027430516
2021-11-30,0.008840583462515868,0.002560388
2021-12-01,0.009729268864346649,0.0040593045
2021-12-02,0.01001907009136285,0.005060141
2021-12-03,0.01047310981716696,0.0039857123
2021-12-06,0.005402661288378024,0.0032314642
2021-12-07,0.0040585964253287725,0.0025514036
2021-12-08,0.00446024411546224,0.002346199
2021-12-09,0.004120627576954965,0.0024653985
2021-12-10,0.004297235098726702,0.0025540462
2021-12-13,0.0052197148702256176,0.0030342224
2021-12-14,0.009159815927549855,0.003829108
2021-12-15,0.008907689180537411,0.0059088827
2021-12-16,0.010947262971533603,0.007675656
2021-12-17,0.011531130454441221,0.007896538
2021-12-20,0.011062119302711232,0.007158355
2021-12-21,0.008033961545349515,0.0067165596
2021-12-22,0.007834729911321536,0.0062300563
2021-12-23,0.007032587851750682,0.005976426
2021-12-27,0.005745747496179781,0.0058707627
2021-12-28,0.005694412692853427,0.005432969
2021-12-29,0.004817276642478826,0.005725288
2021-12-30,0.0060398587453930055,0.0053273938
2021-12-31,0.00613337046438578,0.0050492953
2022-01-03,0.008013460722984938,0.005093414
2022-01-04,0.00590281161240869,0.005929332
2022-01-05,0.0036241526776219835,0.0065139784
2022-01-06,0.0033269250094718978,0.0060807066
2022-01-07,0.00932842244547029,0.0048741144
2022-01-10,0.00965978956010024,0.0029284917
2022-01-11,0.009172083208962609,0.0019253632
2022-01-12,0.010498829372305514,0.001358848
2022-01-13,0.01028066386343072,0.0010066191
2022-01-14,0.009733354139529011,0.0010282072
2022-01-18,0.006651245395963104,0.0010564011
2022-01-19,0.00616709828537329,0.0011188955
2022-01-20,0.004915784421037688,0.0012124443
2022-01-21,0.004490022099815205,0.0014467426
2022-01-24,0.0026644776350939897,0.0019738225
2022-01-25,0.002490836646195617,0.0040573687
2022-01-26,0.004684319399625535,0.005783863
2022-01-27,0.010988999021395286,0.00549019
2022-01-28,0.010726698387697468,0.004920203
2022-01-31,0.009323543770889653,0.0052064247
2022-02-01,0.007690062604587499,0.005070824
2022-02-02,0.009502104362630971,0.004844219
2022-02-03,0.007272832843262412,0.0050969617
2022-02-04,0.007279923433698627,0.005544495
2022-02-07,0.007925085108691651,0.006932582
2022-02-08,0.006174599609478715,0.0082333535
2022-02-09,0.009812016774381758,0.008960663
2022-02-10,0.01143963737949816,0.0074651088
2022-02-11,0.011811023074062104,0.008431291
2022-02-14,0.012691205468591845,0.009213034
2022-02-15,0.011483857110999982,0.0092607355
2022-02-16,0.011583872939088625,0.008434327
2022-02-17,0.010741645416214973,0.0073144236
2022-02-18,0.010203008556690894,0.007857302
2022-02-22,0.006640545420270023,0.00859946
2022-02-23,0.007392209396673943,0.008796868
2022-02-24,0.015333514380958167,0.008483185
2022-02-25,0.015349850628435273,0.009494397
2022-02-28,0.0157188822098543,0.011973842
2022-03-01,0.01564404225017523,0.01266314
2022-03-02,0.01559682887719769,0.011770259
2022-03-03,0.009153973110127975,0.010814186
2022-03-04,0.012394557981148463,0.009007384
2022-03-07,0.01561838951696343,0.007902088
2022-03-08,0.01672391479696897,0.008622856
2022-03-09,0.016327187867761033,0.010177489
2022-03-10,0.015747552089101922,0.010292184
2022-03-11,0.014837775433353826,0.009103452
2022-03-14,0.011865221077764236,0.008539056
2022-03-15,0.010583796556755927,0.008677974
2022-03-16,0.010537814797773316,0.008259284
2022-03-17,0.005755948900951256,0.007912839
2022-03-18,0.00806705715223588,0.007083143
2022-03-21,0.007180434344948378,0.0065281535
2022-03-22,0.012357097414129272,0.006265171
2022-03-23,0.011261297831751128,0.005374699
2022-03-24,0.011068643172369785,0.0065024258
2022-03-25,0.01157554672213978,0.0064995247
2022-03-28,0.011735467829668285,0.006270892
2022-03-29,0.0036641314834574895,0.0058332863
2022-03-30,0.006871255324942876,0.0057582194
2022-03-31,0.007318253549672583,0.0055657057
2022-04-01,0.008139380166890534,0.0066170385
2022-04-04,0.00755443069428803,0.0068026553
2022-04-05,0.01062111861799241,0.0075623514
2022-04-06,0.010860044564283394,0.0075849146
2022-04-07,0.010862491105128741,0.0069790566
2022-04-08,0.015303679208571251,0.006667323
2022-04-11,0.016619130590840983,0.0061600944
2022-04-12,0.015177263391829465,0.007630578
2022-04-13,0.010818405951744456,0.0069132806
2022-04-14,0.009150349537562979,0.006997032
2022-04-18,0.009091573391025396,0.0055704066
2022-04-19,0.010135580734257948,0.00474332
2022-04-20,0.011564399629426311,0.0040821563
2022-04-21,0.02018148032739224,0.0037780674
2022-04-22,0.02090256720015006,0.0041520023
2022-04-25,0.020125398220305957,0.0047592595
2022-04-26,0.016677860530851577,0.0052978355
2022-04-27,0.02039853175217836,0.0040634107
2022-04-28,0.016592827927692014,0.003115372
2022-04-29,0.015239656039533827,0.0024988651
2022-05-02,0.01464976733650036,0.0030670601
2022-05-03,0.018629800739930282,0.0039213113
2022-05-04,0.019039946920708904,0.0040387237
2022-05-05,0.015180289841568807,0.004494162
2022-05-06,0.019102458823613076,0.0071671684
2022-05-09,0.019143935188904254,0.0075198864
2022-05-10,0.01221675669910924,0.010174437
2022-05-11,0.013631195007789382,0.011631417
2022-05-12,0.015266947667490906,0.012416446
2022-05-13,0.006990607006780179,0.012406869
2022-05-16,0.007904998159658977,0.011274697
2022-05-17,0.01645623369709026,0.01075051
2022-05-18,0.01603835553034246,0.010676918
2022-05-19,0.016268348345710636,0.016310051
2022-05-20,0.016397466232302368,0.019292751
2022-05-23,0.015167929506114805,0.016974283
2022-05-24,0.005108905792727304,0.01194581
2022-05-25,0.0048889054032703865,0.0097150365
2022-05-26,0.006486518964770181,0.008999373
2022-05-27,0.010717806984582518,0.00787336
2022-05-31,0.012929740185747532,0.007656434
2022-06-01,0.013617245153335211,0.008462813
2022-06-02,0.014278919080248942,0.009040581
2022-06-03,0.009880873915430393,0.009484771
2022-06-06,0.011959684702869906,0.009026865
2022-06-07,0.010380424232739497,0.0081108585
2022-06-08,0.013398176469434359,0.007586242
2022-06-09,0.014014081902474712,0.00775831
2022-06-10,0.01673872080079552,0.009409576
2022-06-13,0.00948946073185573,0.010359171
2022-06-14,0.015515235680527996,0.012442247
2022-06-15,0.014746044549749652,0.015424425
2022-06-16,0.01534264351874522,0.01779111
2022-06-17,0.01651809140985866,0.016669322
2022-06-21,0.015583037095839077,0.017184885
2022-06-22,0.017054208933312134,0.01690782
2022-06-23,0.010365050440743269,0.017145047
2022-06-24,0.008729710603069603,0.016211534
2022-06-27,0.01564409936419438,0.013849417
2022-06-28,0.015313152926997881,0.01167895
2022-06-29,0.01282665587516435,0.0127498675
2022-06-30,0.011457796526459322,0.010959507
2022-07-01,0.011630112385650943,0.009373141
2022-07-05,0.007338249278896196,0.008785967
2022-07-06,0.006837407393642243,0.008766163
2022-07-07,0.006241245188584785,0.008214947
2022-07-08,0.005142084322195518,0.007392482
2022-07-11,0.007780568585482266,0.0071791555
2022-07-12,0.007559150967232815,0.0067823017
2022-07-13,0.0062834496011510785,0.0075619365
2022-07-14,0.01449198221371261,0.007354996
2022-07-15,0.0172293393578387,0.007228517
2022-07-18,0.018739466317800553,0.0076430594
2022-07-19,0.018764469870527507,0.011053079
2022-07-20,0.019546230234895223,0.01165157
2022-07-21,0.016591666209043534,0.011046024
2022-07-22,0.011850559250738257,0.010121046
2022-07-25,0.009834727209824527,0.009558144
2022-07-26,0.007030710946550172,0.007998182
2022-07-27,0.004454105439570384,0.007311093
2022-07-28,0.004084876856172278,0.0073719006
2022-07-29,0.006360853700485465,0.008866863
2022-08-01,0.006274936622338386,0.008161451
2022-08-02,0.007110517394114793,0.0075807306
2022-08-03,0.006442166426677904,0.0076683974
2022-08-04,0.0064290304413967625,0.0077360827
2022-08-05,0.005583853029810672,0.007541754
2022-08-08,0.0054887231405060305,0.006860929
2022-08-09,0.006160389185824488,0.0066583874
2022-08-10,0.006562033391598728,0.006631979
2022-08-11,0.008405755164478591,0.0064298254
2022-08-12,0.008416694775369302,0.0077165435
2022-08-15,0.008345553252885371,0.0076521956
2022-08-16,0.00820213812999283,0.0067282394
2022-08-17,0.007802821780277048,0.0057007875
2022-08-18,0.004687619783590116,0.005039602
2022-08-19,0.005749633347360083,0.0047995513
2022-08-22,0.006892817418888155,0.004570501
2022-08-23,0.00784116818127093,0.005589527
2022-08-24,0.010842281739528748,0.0049175853
2022-08-25,0.01514715724697299,0.0037558638
2022-08-26,0.014936534677968084,0.003135444
2022-08-29,0.014475792466282519,0.0053500165
2022-08-30,0.013920755226768165,0.005531587
2022-08-31,0.015763892147311224,0.004099907
2022-09-01,0.01164745841899945,0.0042464733
2022-09-02,0.011616763708062139,0.004704739
2022-09-06,0.013659411668739277,0.0068515087
2022-09-07,0.013891286781082986,0.006835778
2022-09-08,0.013046828773060884,0.0063006873
2022-09-09,0.006798876911610352,0.0056121303
2022-09-12,0.020987299550159055,0.0052570486
2022-09-13,0.01966547363379276,0.0053516724
2022-09-14,0.01769174799678689,0.012308309
2022-09-15,0.016584391008904475,0.01626245
2022-09-16,0.015347814363688905,0.011444003
2022-09-19,0.006498226743587038,0.008589309
2022-09-20,0.008554285071073532,0.008275422
2022-09-21,0.00845547072293833,0.008207746
2022-09-22,0.008280188129029361,0.0100901835
2022-09-23,0.008320603645740823,0.011020689
2022-09-26,0.008132781497843874,0.009902531
2022-09-27,0.012311181728371512,0.010197244
2022-09-28,0.0128660129084029,0.012043329
2022-09-29,0.014113694839373633,0.013736109
2022-09-30,0.01657650405891456,0.014513178
2022-10-03,0.018085966150606186,0.016320009
2022-10-04,0.016559338087400604,0.017445588
2022-10-05,0.017534948310330277,0.0139547065
2022-10-06,0.019644562131450768,0.011966461
2022-10-07,0.017023354602107618,0.010949017
2022-10-10,0.011155653060383863,0.012004597
2022-10-11,0.009905094992215997,0.011439693
2022-10-12,0.016401759998453926,0.010257594
2022-10-13,0.012714039787304805,0.008833761
2022-10-14,0.01293805125011707,0.009456936
2022-10-17,0.012933218123551428,0.0095773125
2022-10-18,0.015385761245859868,0.008995215
2022-10-19,0.012133046247078018,0.008064586
2022-10-20,0.015493570121730575,0.008520658
2022-10-21,0.016143023790872575,0.0085318
2022-10-24,0.01619013752225612,0.009228214
2022-10-25,0.012060796980230026,0.008367275
2022-10-26,0.01081243487899237,0.0075157518
2022-10-27,0.009517139355958588,0.006792819
2022-10-28,0.008764803034130289,0.00658144
2022-10-31,0.008957325923818354,0.0061846627
2022-11-01,0.012056036516680713,0.006497863
2022-11-02,0.011978303848352545,0.0062402356
2022-11-03,0.008684468576343465,0.0079984795
2022-11-04,0.010716384232376336,0.0076393313
2022-11-07,0.011035196723246874,0.0077605555
2022-11-08,0.008673238032114153,0.0073858676
2022-11-09,0.012874525713474515,0.0077774622
2022-11-10,0.015610820052010163,0.008699346
2022-11-11,0.01509805370184199,0.009355381
2022-11-14,0.01500348164452442,0.01131381
2022-11-15,0.013742984695938784,0.008608632
2022-11-16,0.005422347177861649,0.007058615
2022-11-17,0.005580604262155534,0.005597236
2022-11-18,0.005609748951295267,0.004635226
2022-11-21,0.005883828501382841,0.0044037276
2022-11-22,0.005346742349880702,0.0045475955
2022-11-23,0.0044228326125125925,0.0051560495
2022-11-25,0.006255006629101121,0.0047004237
2022-11-28,0.006601440710204018,0.0045800325
2022-11-29,0.01183408929843196,0.0041865725
2022-11-30,0.01186082440623586,0.0037310685
2022-12-01,0.011852527808165796,0.0049372194
2022-12-02,0.012378706116422738,0.005881212
2022-12-05,0.013171721011207754,0.0055191736
2022-12-06,0.007585532422985693,0.0054793395
2022-12-07,0.008717023511220829,0.0051892027
2022-12-08,0.010381333534282182,0.005007779
2022-12-09,0.010881492454191802,0.0049388306
2022-12-12,0.009633101257609994,0.006016073
2022-12-13,0.009291865281255418,0.005911674
2022-12-14,0.012051673413026135,0.0060933116
2022-12-15,0.012424179833184012,0.005552926
2022-12-16,0.009685889905769877,0.0057195597
2022-12-19,0.008958974715063354,0.0044009937
2022-12-20,0.01251850833467679,0.0030826686
2022-12-21,0.009900343500986728,0.0019202159
2022-12-22,0.006588217886152041,0.0014452115
2022-12-23,0.006366016165380421,0.0012239632
2022-12-27,0.007420647281838712,0.0010879381
2022-12-28,0.006491363409318186,0.0010069824
2022-12-29,0.006697644850691644,0.0010205759
2022-12-30,0.006767975763570045,0.0011213042
2023-01-03,0.006856119012938256,0.001243612
2023-01-04,0.007897263786672413,0.0012746591
2023-01-05,0.007306564318704852,0.0013136349
2023-01-06,0.010294365570278031,0.0016817391
2023-01-09,0.011641265111282403,0.0027223232
2023-01-10,0.011971798135684632,0.005096656
2023-01-11,0.010941177853791015,0.0054584034
2023-01-12,0.010193853899603512,0.0041092746
2023-01-13,0.005718285001064776,0.0037677628
2023-01-17,0.008001915870494657,0.003494899
2023-01-18,0.007290827215307568,0.0035515625
2023-01-19,0.008124604139537956,0.0054558236
2023-01-20,0.007953903010108026,0.006418799
2023-01-23,0.008190678626344455,0.00506577
2023-01-24,0.004552352524316058,0.004415612
2023-01-25,0.004514363936242116,0.0046204287
2023-01-26,0.004840196761007226,0.004858117
2023-01-27,0.004838576134137723,0.0054160184
2023-01-30,0.008615963943403715,0.005944999
2023-01-31,0.008898802539768633,0.008050483
2023-02-01,0.009444807353978936,0.008473976
2023-02-02,0.008998063846667204,0.007601094
2023-02-03,0.00824877999168951,0.0068476805
2023-02-06,0.006046337050480815,0.006995752
2023-02-07,0.005197804493940857,0.006876174
2023-02-08,0.0056755978106707355,0.0077010323
2023-02-09,0.007850867410278897,0.006934354
2023-02-10,0.007961923383333314,0.008063025
2023-02-13,0.008337128745997822,0.0079976795
2023-02-14,0.008564032479406411,0.0062492024
2023-02-15,0.00888001433351043,0.0067813117
2023-02-16,0.008740350161233292,0.006856566
2023-02-17,0.008429586714770062,0.00791185
2023-02-21,0.008437592374756919,0.008384699
2023-02-22,0.009008516468464706,0.008613805
2023-02-23,0.009659723079502453,0.0081643965
2023-02-24,0.006883986417678485,0.007681262
2023-02-27,0.0058151602078864075,0.007481468
2023-02-28,0.005972337316810459,0.008208709
2023-03-01,0.007095532399798313,0.0076059783
2023-03-02,0.007475892465766404,0.007951256
2023-03-03,0.007209913242559488,0.009082234
2023-03-06,0.010343226774010977,0.009667288
2023-03-07,0.010602019245563568,0.009343476
2023-03-08,0.01038235952399858,0.012145553
2023-03-09,0.005846961952226419,0.013129969
2023-03-10,0.00947076466215941,0.013792893
2023-03-13,0.009329822618600225,0.015069338
2023-03-14,0.009008358814269044,0.016871337
2023-03-15,0.0076376174257451685,0.014014431
2023-03-16,0.009785930883093935,0.011980662
2023-03-17,0.010428238978139923,0.011678215
2023-03-20,0.010125626815157968,0.012391166
2023-03-21,0.013048409063112335,0.012198258
2023-03-22,0.011959038391451508,0.01005297
2023-03-23,0.01197317439912475,0.010723561
2023-03-24,0.01082743939679496,0.01079455
2023-03-27,0.010866215146472184,0.009196328
2023-03-28,0.0074466678299047444,0.0075326813
2023-03-29,0.007065593974377704,0.0071817953
2023-03-30,0.006050596805392368,0.006899895
2023-03-31,0.007006748103315135,0.0065618996
2023-04-03,0.00482242686230793,0.0063376375
2023-04-04,0.006408129633836384,0.006378035
2023-04-05,0.0069196255161841835,0.006580169
2023-04-06,0.007763322599776338,0.0065378807
2023-04-10,0.0072486083580574024,0.006381768
2023-04-11,0.007227067578199936,0.005748509
2023-04-12,0.005411203188270668,0.005079364
2023-04-13,0.00760488945274178,0.0049209516
2023-04-14,0.007615721583631206,0.0052417815
2023-04-17,0.008341665077426981,0.0058261324
2023-04-18,0.008498904431863763,0.0055877143
2023-04-19,0.004548870331385055,0.005435244
2023-04-20,0.005443780678614838,0.00581959
2023-04-21,0.006038593600076363,0.005877991
2023-04-24,0.007372534710878971,0.006066395
2023-04-25,0.009438378614100075,0.006025474
2023-04-26,0.010152090398615341,0.0070272502
2023-04-27,0.010535495114520859,0.0075673875
2023-04-28,0.010470741885184917,0.0066677965
2023-05-01,0.009353768920189064,0.0043645217
2023-05-02,0.00528719768846893,0.0027144612
2023-05-03,0.006762939917541263,0.0022883576
2023-05-04,0.006905478742157375,0.001917574
2023-05-05,0.006314262365539238,0.001711771
2023-05-08,0.00667015811512349,0.0018244179
2023-05-09,0.006996690900624862,0.0018532578
2023-05-10,0.006062155047212368,0.0017482821
2023-05-11,0.00341336514383317,0.0015967698
2023-05-12,0.0034167386022342957,0.0015921412
2023-05-15,0.004017929234126237,0.001641129
2023-05-16,0.003549668378217133,0.0017322111
2023-05-17,0.0035421388792054734,0.002415551
2023-05-18,0.004830547969467656,0.0033041667
2023-05-19,0.004926667069149924,0.0030202533
2023-05-22,0.005974895334993251,0.0027704465
2023-05-23,0.006206055404711492,0.0026530668
2023-05-24,0.006989629439620643,0.0033475964
2023-05-25,0.005211576213369384,0.005242839
2023-05-26,0.003596357302315357,0.0060693985
2023-05-30,0.007283883936289246,0.0062170504
2023-05-31,0.008097308605946466,0.0071421377
2023-06-01,0.007817963888544738,0.007498142
2023-06-02,0.007119298600958597,0.0072291656
2023-06-05,0.007984231899922522,0.007500126
2023-06-06,0.008387165848300576,0.007281999
2023-06-07,0.008368192033751241,0.009433257
2023-06-08,0.006100271078894584,0.009157916
2023-06-09,0.006099882018649127,0.008603087
2023-06-12,0.004002968894444904,0.008045022
2023-06-13,0.006763314109962882,0.006953157
2023-06-14,0.009148848395792216,0.005620661
2023-06-15,0.009280614407979868,0.0058372933
2023-06-16,0.009409186569422566,0.0063925446
2023-06-20,0.009239593093246951,0.006887181
2023-06-21,0.006985999755239126,0.0066375765
2023-06-22,0.0037970773999006432,0.005941828
2023-06-23,0.004724967262135268,0.005215988
2023-06-26,0.0047833770860818,0.005152249
2023-06-27,0.0048402120680057234,0.005720913
2023-06-28,0.004698819534189755,0.005869679
2023-06-29,0.0068662824495241154,0.0056729177
2023-06-30,0.007557100894774017,0.005519594
2023-07-03,0.007429380261026425,0.0055027935
2023-07-05,0.008353473431162743,0.0064334883
2023-07-06,0.008765986308750579,0.0060250573
2023-07-07,0.007852180078699767,0.0059015835
2023-07-10,0.007652722546973131,0.0059367
2023-07-11,0.007579363287502289,0.0055649173
2023-07-12,0.007066076705662521,0.004618345
2023-07-13,0.007179879253886908,0.004071666
2023-07-14,0.007699867523418919,0.0037802425
2023-07-17,0.0080251345819208,0.004525768
2023-07-18,0.00734662377636372,0.005198723
2023-07-19,0.008495373024536216,0.0057640853
2023-07-20,0.007710468738059728,0.0053325514
2023-07-21,0.006868042114196479,0.006154923
2023-07-24,0.00767505474335398,0.006706027
2023-07-25,0.008204181344467553,0.006588173
2023-07-26,0.0063381752988046665,0.006260813
2023-07-27,0.003772929863869461,0.0059384364
2023-07-28,0.004705170648555759,0.006338028
2023-07-31,0.004629891384154712,0.0062841605
2023-08-01,0.0048747131888620555,0.007031508
2023-08-02,0.004482849705873346,0.007272188
2023-08-03,0.003096298382908511,0.0073698764
2023-08-04,0.0070206448162474155,0.006274785
2023-08-07,0.00713618327405767,0.0056360345
2023-08-08,0.00720268702866044,0.0051662717
2023-08-09,0.006342558008102818,0.0046941037
2023-08-10,0.005262148336591949,0.0042955084
2023-08-11,0.0037476278720834483,0.004644017
2023-08-14,0.0037933728711203093,0.005020485
2023-08-15,0.005438813675779074,0.0050019547
2023-08-16,0.0063812505395214065,0.0047830706
2023-08-17,0.004851490662302174,0.0049287165
2023-08-18,0.0042672218397497,0.0044965353
2023-08-21,0.004266814591717531,0.0038045698
2023-08-22,0.004368819754693714,0.0032914649
2023-08-23,0.004648981449431862,0.00284192
2023-08-24,0.0061570768208122585,0.0028428768
2023-08-25,0.006246212860666214,0.0036611827
2023-08-28,0.006902406984530219,0.0038517334
2023-08-29,0.007044976355262742,0.0032602022
2023-08-30,0.008315835045534598,0.0030803522
2023-08-31,0.007698686486431784,0.003250262
2023-09-01,0.00885091510426831,0.004105932
2023-09-05,0.0062381974068188495,0.0043776804
2023-09-06,0.0074798016489115386,0.0049158707
2023-09-07,0.00612352027023687,0.0050975676
2023-09-08,0.007085938385559754,0.0045917914
2023-09-11,0.004858810656784513,0.003627579
2023-09-12,0.003463793271868991,0.003536821
2023-09-13,0.0032770579756487787,0.0040294286
2023-09-14,0.005504204876606845,0.004572073
2023-09-15,0.004048801101927238,0.005222104
2023-09-18,0.004183445244294632,0.006218628
2023-09-19,0.004178181538442316,0.00663315
2023-09-20,0.004550715671087369,0.0058949664
2023-09-21,0.003811843577896734,0.004855608
2023-09-22,0.0051871303825398035,0.005484783
2023-09-25,0.00602402932781476,0.005826127
2023-09-26,0.005850701158636525,0.005944855
2023-09-27,0.006100055123354076,0.0065410933
2023-09-28,0.006784473962294227,0.0077415784
2023-09-29,0.0054156324015866555,0.00700057
2023-10-02,0.005506797244656993,0.0067650774
2023-10-03,0.00640118164437053,0.0073356214
2023-10-04,0.0065761140223122416,0.0075856564
2023-10-05,0.007392901222539904,0.00802451
2023-10-06,0.007155885725818279,0.00778135
2023-10-09,0.0027668993928673755,0.008062451
2023-10-10,0.005374242166565979,0.007647114
2023-10-11,0.007601011380418249,0.0075559923
2023-10-12,0.006460398622785826,0.007529812
2023-10-13,0.007171778971658939,0.008048452
2023-10-16,0.00690910820717635,0.008161458
2023-10-17,0.007790855145965973,0.006878959
2023-10-18,0.008119870829536451,0.006084034
2023-10-19,0.006964917156013985,0.006354338
2023-10-20,0.003476218282507866,0.0074715344
2023-10-23,0.005136779049696486,0.0071808267
2023-10-24,0.0051776407822690575,0.006979087
2023-10-25,0.005182960149642345,0.0067015793
2023-10-26,0.0072820925597727,0.0072591556
2023-10-27,0.009509611907089517,0.008321647
2023-10-30,0.010157339958813386,0.009764345
2023-10-31,0.010261504269792476,0.010941912
2023-11-01,0.012024047258100728,0.00993599
2023-11-02,0.005201021708759063,0.009499533
2023-11-03,0.005159772541655779,0.010221504
2023-11-06,0.005911575156550212,0.009521271
2023-11-07,0.00665258089692311,0.009096304
2023-11-08,0.011042883346069083,0.008602665
2023-11-09,0.011208202200111117,0.008674226
2023-11-10,0.011047384384146772,0.010745835
2023-11-13,0.011723920923924746,0.011254541
2023-11-14,0.011734894365228071,0.008404302
2023-11-15,0.0023682049251587626,0.0068165376
2023-11-16,0.0036561886717913763,0.0059712604
2023-11-17,0.003712389777801172,0.005911727
2023-11-20,0.00354889780386178,0.0062187286
2023-11-21,0.0033609282281496953,0.006456529
2023-11-22,0.0034306629794556877,0.0061059278
2023-11-24,0.005315308919873237,0.0055347304
2023-11-27,0.006106394676398142,0.00476712
2023-11-28,0.005412290769479832,0.0050311224
2023-11-29,0.007772575282743747,0.004952679
2023-11-30,0.007615724082502202,0.004904803
2023-12-01,0.006432341534787752,0.005673467
2023-12-04,0.005402024380357855,0.005837363
2023-12-05,0.005339643366428119,0.005582773
2023-12-06,0.002210497524870489,0.0054703993
2023-12-07,0.0015338129215022051,0.0052329563
2023-12-08,0.003208133534176198,0.00542044
2023-12-11,0.00304823870485575,0.0057780836
2023-12-12,0.007488252595232946,0.00601572
2023-12-13,0.008470897834115133,0.0060573746
2023-12-14,0.010511758571273575,0.0067343707
2023-12-15,0.01033998284755764,0.007892333
2023-12-18,0.01052003215925022,0.007247689
2023-12-19,0.008361062735805285,0.006416801
2023-12-20,0.010942392502475558,0.0060283625
2023-12-21,0.010107816870685755,0.0077592903
2023-12-22,0.010103373150958942,0.008376357
2023-12-26,0.009889727637539418,0.0073831277
2023-12-27,0.004027296534880462,0.0063320305
2023-12-28,0.001583696710851304,0.005401413
2023-12-29,0.006776794538283395,0.0048891385
2024-01-02,0.007435114495898903,0.004467105
2024-01-03,0.007429751783354617,0.005097735
2024-01-04,0.007842683342820067,0.005771518
2024-01-05,0.007831142080813518,0.005916017
2024-01-08,0.004500179714414119,0.0047309753
2024-01-09,0.003989548627620411,0.00442621
2024-01-10,0.004253485128096162,0.004628773
2024-01-11,0.0046057049043531,0.0044592866
2024-01-12,0.0038336854732887535,0.0046613617
2024-01-16,0.0038252945713772657,0.004771701
2024-01-17,0.0022888692986529745,0.0046558073
2024-01-18,0.002562994580089691,0.00435152
2024-01-19,0.0037854219843375565,0.004248927
2024-01-22,0.0024017727350021667,0.0038138395
2024-01-23,0.004977326872480173,0.0034284987
2024-01-24,0.00495459748323458,0.0027329938
2024-01-25,0.005878894633848345,0.002138929
2024-01-26,0.006488561360708459,0.0019958895
2024-01-29,0.006514620929661505,0.0015404895
2024-01-30,0.003921406286015032,0.0012625741
2024-01-31,0.005337217379709184,0.0012016917
2024-02-01,0.006113168019718136,0.0012229589
2024-02-02,0.005855162100654389,0.0017218716
2024-02-05,0.006741141338386268,0.0026366329
2024-02-06,0.00602211205556156,0.0035207577
2024-02-07,0.005080712507961608,0.004475674
2024-02-08,0.0049426968108927175,0.0048579965
2024-02-09,0.0049821929786483705,0.0043563233
2024-02-12,0.004679886562191875,0.0038032108
2024-02-13,0.006451270050439318,0.0036382098
2024-02-14,0.0071892058645544364,0.004463459
2024-02-15,0.0071068333740980545,0.004745909
2024-02-16,0.007551562676030994,0.0039946362
2024-02-20,0.0047301503101165624,0.0038600205
2024-02-21,0.0056496540457139114,0.0039974093
2024-02-22,0.00541654730965293,0.0034105396
2024-02-23,0.006735082331159733,0.0034949877
2024-02-26,0.006561220273331564,0.003768279
2024-02-27,0.0073077052551020006,0.0040789493
2024-02-28,0.004887077775136,0.0039469106
2024-02-29,0.007281111111192473,0.003697372
2024-03-01,0.007074340279712245,0.0032583398
2024-03-04,0.007610841453804471,0.0033384867
2024-03-05,0.008375366266135742,0.0031210629
2024-03-06,0.007105160390737726,0.0026259893
2024-03-07,0.005690154155766914,0.0021867822
2024-03-08,0.005637528954627973,0.0017912437
2024-03-11,0.003726020563757417,0.0016071197
2024-03-12,0.003874463993106904,0.0015534873
2024-03-13,0.0034469182615825826,0.0016465768
2024-03-14,0.003695500431463239,0.0017535968
2024-03-15,0.003727049027496854,0.0016395596
2024-03-18,0.004538600598214693,0.0013655516
2024-03-19,0.0043333804793269795,0.0011215355
2024-03-20,0.004058508686203759,0.0010764578
2024-03-21,0.0034979436458672537,0.0011297615
2024-03-22,0.0036261959533976256,0.0011763443
2024-03-25,0.00244377928360918,0.0013161919
2024-03-26,0.006041481388169388,0.0016031257
2024-03-27,0.006149278427001321,0.0020123948
2024-03-28,0.007958930513649827,0.0030411629
2024-04-01,0.01114736249166066,0.0041303406
2024-04-02,0.010801708786698888,0.005263551
2024-04-03,0.007347418424984455,0.0054792166
2024-04-04,0.010239950426934848,0.0047704135
2024-04-05,0.010210489708572225,0.0043694912
2024-04-08,0.00876134340220699,0.004102796
2024-04-09,0.00993417697202959,0.0029030798
2024-04-10,0.00789862251579144,0.0024478836
2024-04-11,0.007373151616921553,0.0027829276
2024-04-12,0.007509103446959554,0.0031209048
2024-04-15,0.006581453158268665,0.0044355146
2024-04-16,0.006081725661512218,0.006625028
2024-04-17,0.006405918273901355,0.0061306953
2024-04-18,0.0023046690331487343,0.0055211447
2024-04-19,0.0024603268365454073,0.0053287763
2024-04-22,0.005691297660520313,0.005202743
2024-04-23,0.006047513593315991,0.005856763
2024-04-24,0.007554008140419899,0.0064257947
2024-04-25,0.007528440007412802,0.007215849
2024-04-26,0.007495498559810924,0.009084885
2024-04-29,0.0037714474936010613,0.009623686
2024-04-30,0.003841676219282238,0.008750955
2024-05-01,0.0017543134703576055,0.007697115
2024-05-02,0.0018662537922475096,0.008036923
2024-05-03,0.002074346296199629,0.007570485
2024-05-06,0.0033139331198130738,0.0069748405
2024-05-07,0.004478894969994018,0.006216659
2024-05-08,0.00490824614738427,0.005712992
2024-05-09,0.004947874725355593,0.005499016
2024-05-10,0.005395911149984041,0.0053053373
2024-05-13,0.004647101521563068,0.0049530095
2024-05-14,0.0061270110631901804,0.004561292
2024-05-15,0.006530827517826328,0.0044165705
2024-05-16,0.006538104015194424,0.004832148
2024-05-17,0.006761497673595182,0.0053171366
2024-05-20,0.006788942188501045,0.0050708456
2024-05-21,0.0019174698469811295,0.004877147
2024-05-22,0.005544651847256039,0.004771269
2024-05-23,0.0052158635527688995,0.0047933613
2024-05-24,0.006713704061408185,0.0053523444
2024-05-28,0.0057525977958739274,0.005439072
2024-05-29,0.005301436477156196,0.0065230876
2024-05-30,0.010220380762197712,0.005966077
2024-05-31,0.010824323029337645,0.005057692
2024-06-03,0.008227800172608732,0.0048953076
2024-06-04,0.0053720174309438515,0.004648882
2024-06-05,0.004783963314516151,0.0043706023
2024-06-06,0.002191232373424593,0.004573065
2024-06-07,0.001387415123590143,0.0054150424
2024-06-10,0.0035067445806272607,0.005860893
2024-06-11,0.0034171523500380954,0.006693888
2024-06-12,0.0030054296901417662,0.0057034423
2024-06-13,0.002885482263805287,0.0049844845
2024-06-14,0.001523740698727751,0.0051813633
2024-06-17,0.001387415123590143,0.0048818407
2024-06-18,0.0018158101447993454,0.0046803798
2024-06-20,0.0018874902784635499,0.0045467326
2024-06-21,0.002528025375273741,0.0045369375
2024-06-24,0.003304187277666945,0.004339313
2024-06-25,0.004166302442391367,0.004531079
2024-06-26,0.004085546895538012,0.004502239
2024-06-27,0.0037885939125021457,0.0040191174
2024-06-28,0.0018622613741214834,0.0037406976
2024-07-01,0.001889600381344746,0.0038582387
2024-07-02,0.0028144897043198927,0.0043346523
2024-07-03,0.0059939267747354035,0.0034680977
2024-07-05,0.005981112948029735,0.002986878
2024-07-08,0.006246937537873002,0.0028831991
2024-07-09,0.007005010520078074,0.002583904
2024-07-10,0.0040790129674425045,0.0025583808
2024-07-11,0.003935165184898833,0.0028952719
2024-07-12,0.004931380337945014,0.0035934541
2024-07-15,0.00647901487255883,0.0043452363
2024-07-16,0.006327982596353023,0.005097837
2024-07-17,0.014144409629333637,0.0065808627
2024-07-18,0.014021408658715788,0.008078825
2024-07-19,0.014140422392939658,0.0116283875
2024-07-22,0.012186885430520726,0.01045509
2024-07-23,0.012769259931381104,0.0080014905
2024-07-24,0.005403838342737162,0.006666884
2024-07-25,0.0054674270651127975,0.0068243896
2024-07-26,0.005258801787316492,0.008256875
2024-07-29,0.005131544623588408,0.008180392
2024-07-30,0.004206501776369429,0.007581993
2024-07-31,0.00530784856680921,0.007472511
2024-08-01,0.005358397289114896,0.007302873
2024-08-02,0.01379028010608824,0.0070281317
2024-08-05,0.014239421532500197,0.007819663
2024-08-06,0.014546908833907232,0.009360437
2024-08-07,0.01809005032539524,0.008001795
2024-08-08,0.018407563052385643,0.006159524
2024-08-09,0.012071254684119329,0.0062390035
2024-08-12,0.012686510695104123,0.00408403
2024-08-13,0.009708920974367881,0.0029751651
2024-08-14,0.005699778212032372,0.003356971
2024-08-15,0.005903159178303875,0.004332894
2024-08-16,0.004086804487344523,0.0056607616
2024-08-19,0.002122330349299767,0.006281791
2024-08-20,0.0024082646012130774,0.0059859394
2024-08-21,0.002294560670527837,0.0059445878
2024-08-22,0.002171181902083853,0.0052519212
2024-08-23,0.0021050735279976997,0.00520904
2024-08-26,0.0017864801534700477,0.005173893
2024-08-27,0.001791157295236592,0.005137921
2024-08-28,0.001750511042409812,0.005230474
2024-08-29,0.0027804391638761154,0.005304771
2024-08-30,0.0031688685645450583,0.0052074823
2024-09-03,0.003585336235969554,0.0052254973
2024-09-04,0.007671332579458446,0.005142147
2024-09-05,0.007379168639076967,0.005649444
2024-09-06,0.007411027590615965,0.0048172213
2024-09-09,0.008132544280456639,0.0031938783
2024-09-10,0.008160319901472049,0.00222281
2024-09-11,0.004687848672642675,0.0016822605
2024-09-12,0.003709276396843086,0.0016039131
2024-09-13,0.003681926072425343,0.0015498808
2024-09-16,0.006718435548708625,0.0014267897
2024-09-17,0.006607982951676867,0.0014819097
2024-09-18,0.006607751299469745,0.0017940893
2024-09-19,0.006727260805286765,0.0018597668
2024-09-20,0.005041834189834298,0.0016284414
2024-09-23,0.002870508231486717,0.0013756434
2024-09-24,0.004814716410282176,0.0011496976
2024-09-25,0.004727814582144692,0.0010099461
2024-09-26,0.004771075040049832,0.0010469964
2024-09-27,0.006171609768544793,0.0011676959
2024-09-30,0.006534026666367818,0.0012391848
2024-10-01,0.004607619263605314,0.0013629204
2024-10-02,0.005815650580039571,0.0016292242
2024-10-03,0.005931883957797551,0.0020102726
2024-10-04,0.003685461970210826,0.002357849
2024-10-07,0.005443768869836881,0.0024739644
2024-10-08,0.007637817307102665,0.0025471544
2024-10-09,0.006188002711349028,0.002541181
2024-10-10,0.006633390612624728,0.0027154507
2024-10-11,0.005207007291806389,0.0029382836
2024-10-14,0.009248305784768582,0.0032900772
2024-10-15,0.00800706337686379,0.0036904356
2024-10-16,0.008295847853955486,0.0056747603
2024-10-17,0.007773890762022742,0.005969524
2024-10-18,0.008012476612525387,0.0049791792
2024-10-21,0.006726516310688218,0.0044696564
2024-10-22,0.006114184090162356,0.005134002
2024-10-23,0.00618851481548086,0.005042646
2024-10-24,0.0037701511750149186,0.004951571
2024-10-25,0.0033163227065516132,0.005236989
2024-10-28,0.0031775477325323813,0.00575389
2024-10-29,0.0031859914766548723,0.005822513
2024-10-30,0.0037642951092998725,0.0053831334
2024-10-31,0.005326642370686891,0.006199963
2024-11-01,0.005549095308578436,0.0065098484
2024-11-04,0.0071529608427396245,0.0074987356
2024-11-05,0.007166598752112001,0.008091572
2024-11-06,0.005910163570620722,0.008907352
2024-11-07,0.006085252651481051,0.009597896
2024-11-08,0.0057989023081291965,0.008668544
2024-11-11,0.009115419981137848,0.008390247
2024-11-12,0.009054373153302193,0.008698056
2024-11-13,0.009293460981131645,0.010276548
2024-11-14,0.006844001634626318,0.010058662
2024-11-15,0.008588876169356989,0.0100055775
2024-11-18,0.008492855560178328,0.01080713
2024-11-19,0.012433966226046885,0.010728104
2024-11-20,0.012017118782744774,0.010109845
2024-11-21,0.006666022449891784,0.011020857
2024-11-22,0.00683239105682262,0.011437086
2024-11-25,0.004054559474920063,0.01134618
2024-11-26,0.0030179721265186053,0.011394165
2024-11-27,0.0028329877256165537,0.011011663
2024-11-29,0.003799156939877257,0.01024848
2024-12-02,0.0037322428905427825,0.0091244355
2024-12-03,0.0032983950337361775,0.008166547
2024-12-04,0.005301891769226255,0.007087979
2024-12-05,0.00432343746329409,0.0063695265
2024-12-06,0.0053815617869955,0.0063657244
2024-12-09,0.005350517357577706,0.006704834
2024-12-10,0.006496607952865525,0.0067811017
2024-12-11,0.006033027292647832,0.0066246386
2024-12-12,0.006530304952063629,0.0070195156
2024-12-13,0.005568538240990097,0.0074003306
2024-12-16,0.006267210490831099,0.0073520145
2024-12-17,0.0062603329299656734,0.007948485
2024-12-18,0.006246225184526869,0.008795278
2024-12-19,0.010656874090366066,0.010421793
2024-12-20,0.011193526059973825,0.012728344
